"GTCACCTCCAATGACTAGGGAGG,GTCTCCTCCACTGGATTGTGAGG,0"
"GTCACCTCCAATGACTAGGGTGG,GTCTCTTCCGATGATGAGGGTTG,0"
"GTCACCTCCAATGACTAGGGGGG,GCGACCTCCACTGTCTAGTGGGC,0"
"GTCACCTCCAATGACTAGGGGGG,GCGACCTCCACTGTCTAGTGGGC,0"
"GTCACCTCCAATGACTAGGGTGG,GTCTCTTCCGATGATGAGGGTTG,0"
"GTCACCTCCAATGACTAGGGAGG,GTCTCCTCCACTGGATTGTGAGG,0"
"GTCACCTCCAATGACTAGGGTGG,GTCAAAGACAAAGACTGGGGTGG,0"
"GTCACCTCCAATGACTAGGGGGG,TTCACTTCCAAAGACCAGTGGTG,0"
"GTCACCTCCAATGACTAGGGTGG,ACCACCTACACTGCCTGGGGTGG,0"
"GTCACCTCCAATGACTAGGGAGG,GACCACTCCCATGACCAGGGAGT,0"
"GTCACCTCCAATGACTAGGGTGG,GTCAGCTGGCTGGACTAGGGTGG,0"
"GTCACCTCCAATGACTAGGGGGG,GTCAACGCCGAGGACGAGGAGGG,0"
"GTCACCTCCAATGACTAGGGAGG,TTCTGCTCCATTGACAAGGCAGG,0"
"GTCACCTCCAATGACTAGGGTGG,GTGGCGGCGAATGACTGGGGTGG,0"
"GTCACCTCCAATGACTAGGGAGG,GTCACCTCCAGTGACCAGGGAGC,0"
"GTCACCTCCAATGACTAGGGAGG,GGCATCTTGGCTGACTAGGGAGG,0"
"GTCACCTCCAATGACTAGGGAGG,GTCACCAACAAGGACGAGGCAGC,0"
"GTCACCTCCAATGACTAGGGAGG,GTCACCTCCAAGGATGGGGGACT,0"
"GTCACCTCCAATGACTAGGGGGG,GGCCCCTCCAATGACGAGACGGT,0"
"GTCACCTCCAATGACTAGGGTGG,GTCTCCTCTCAGGAGTGGGGTGG,0"
"GTCACCTCCAATGACTAGGGAGG,GTCACAGCCATGGACGAGGCAGG,0"
"GTCACCTCCAATGACTAGGGGGG,ATCCCCTCCATGGCCTAGTGGGG,0"
"GTCACCTCCAATGACTAGGGTGG,GTCACCTCCCTGGAGGAGGGTGT,0"
"GTCACCTCCAATGACTAGGGGGG,TTCACCCCCAAAAATAAGGGGGG,0"
"GTCACCTCCAATGACTAGGGTGG,GTCACCTCCACTGGCCTGGTTGC,0"
"GTCACCTCCAATGACTAGGGCGG,GTCACCTAAGAGGACCAGGGCGT,0"
"GTCACCTCCAATGACTAGGGAGG,GTGAAATTCAATGACAAGGGAAG,0"
"GTCACCTCCAATGACTAGGGCGG,GTCACCTCCATGGCCTTGGGCAG,0"
"GTCACCTCCAATGACTAGGGAGG,GTCTCCTCCAAGAACCAGGCAGT,0"
"GTCACCTCCAATGACTAGGGTGG,GACACCGCTCATGAACAGGGTGG,0"
"GTCACCTCCAATGACTAGGGTGG,GTCCCCTCCCAAGGCTAAGGTGG,0"
"GTCACCTCCAATGACTAGGGAGG,GTCATCTCCAATGATAGGTAAGG,0"
"GTCACCTCCAATGACTAGGGTGG,GTCAGCTCCAATGATTAGCTTTT,0"
"GTCACCTCCAATGACTAGGGAGG,GTCGCCTCCAATGCCAGAGGAGC,0"
"GTCACCTCCAATGACTAGGGAGG,ATCAGCACCAAAGACAAGGGAGA,0"
"GTCACCTCCAATGACTAGGGTGG,GCCTCCTCCAATTTCTGGTGTGG,0"
"GTCACCTCCAATGACTAGGGGGG,GCCACGTCCCCTGACTACGGGGT,0"
"GTCACCTCCAATGACTAGGGCGG,GTCATCACCAGTGACTTGGCCTG,0"
"GTCACCTCCAATGACTAGGGCGG,ATTCCCTACAGTGTCTAGGGCGG,0"
"GTCACCTCCAATGACTAGGGTGG,ATCACCTTTAAGGACTGGGCTGG,0"
"GTCACCTCCAATGACTAGGGTGG,CTCAACTTCAAAAACTATGGTGG,0"
"GTCACCTCCAATGACTAGGGTGG,GTGACCTCTTCCGAGTAGGGTGG,0"
"GTCACCTCCAATGACTAGGGAGG,TTCTCCTACAATGTCTAGTGAAG,0"
"GTCACCTCCAATGACTAGGGTGG,GTCAGCACCACCCACTATGGTGG,0"
"GTCACCTCCAATGACTAGGGTGG,GTAACCTCCAATGTTGGGGGTGG,0"
"GTCACCTCCAATGACTAGGGAGG,GTCATCTCCAATGATAGGTAAGG,0"
"GTCACCTCCAATGACTAGGGGGG,GCCTCCTTCCAGGACTAGGGGGA,0"
"GTCACCTCCAATGACTAGGGGGG,GTCCCCTCCAGAGCCTGGGGGGA,0"
"GTCACCTCCAATGACTAGGGAGG,TGCACCTCCAAGCACAAGGGAGC,0"
"GTCACCTCCAATGACTAGGGTGG,GTCACCATCATCAACTAGGGTAG,0"
"GTCACCTCCAATGACTAGGGAGG,CTCCCCTCCAAGGCCGAGGCAGG,0"
"GTCACCTCCAATGACTAGGGAGG,CTCACCTGCACTGACTCGAAAGG,0"
"GTCACCTCCAATGACTAGGGGGG,GCCACATACATTGACTTGGGGGT,0"
"GTCACCTCCAATGACTAGGGCGG,GTCACCTCCAATGCACAAGGCTC,0"
"GTCACCTCCAATGACTAGGGAGG,GTGATTTCAAATGACTATGTAGG,0"
"GTCACCTCCAATGACTAGGGCGG,GTCAGGTCCACTGAATTGGGCTG,0"
"GTCACCTCCAATGACTAGGGAGG,GTGATGTTTAATGAGTAGGGAGG,0"
"GTCACCTCCAATGACTAGGGCGG,GTCTCCTCCCTTCAGTAGGGCTG,0"
"GTCACCTCCAATGACTAGGGTGG,GTGACCTCAAATGCCTAGGCTTG,0"
"GTCACCTCCAATGACTAGGGTGG,CTCACCCTGAATGGGTAGGGTGG,0"
"GTCACCTCCAATGACTAGGGAGG,GTCCCCTCCAGTGTGTGGGGAGG,0"
"GTCACCTCCAATGACTAGGGGGG,GTCACCTCCCAGGACTCGCAGGC,0"
"GTCACCTCCAATGACTAGGGAGG,GTGACCTCCCATGACATGTAAGG,0"
"GTCACCTCCAATGACTAGGGAGG,GTCAGCGCCACTGCCCAGGGATG,0"
"GTCACCTCCAATGACTAGGGAGG,TCCAACTACAATTGCTAGGGAGG,0"
"GTCACCTCCAATGACTAGGGGGG,GTCTCTTCCAATGACTAGAAGCT,0"
"GTCACCTCCAATGACTAGGGAGG,GTCTCCACCAGTGACCAGGGAGG,0"
"GTCACCTCCAATGACTAGGGTGG,GTCAACTCCAAGGACTCTGGTGT,0"
"GTCACCTCCAATGACTAGGGAGG,GCCACTTCCATAGACCAGGGAAG,0"
"GTCACCTCCAATGACTAGGGTGG,GGCACCTGCCCTGACCAGGTTGG,0"
"GTCACCTCCAATGACTAGGGAGG,GTCAGCACCAAAGGCTAAGGAAG,0"
"GTCACCTCCAATGACTAGGGTGG,CTCCCCTAGAATAACTAGAGTGG,0"
"GTCACCTCCAATGACTAGGGGGG,GTCACCTCCAGTGTATGGAGGGC,0"
"GTCACCTCCAATGACTAGGGCGG,GACGCCTCTAAGGACTGGGGCTG,0"
"GTCACCTCCAATGACTAGGGCGG,GTCACCTGGAATGTCTAATGCCG,0"
"GTCACCTCCAATGACTAGGGGGG,GTTACCCCCAGGGACCAGTGGGG,0"
"GTCACCTCCAATGACTAGGGAGG,GTCACCTCCCAACAGGAGGAAGG,0"
"GTCACCTCCAATGACTAGGGGGG,CTCTCCTCCCATGATTCTGGGGG,0"
"GTCACCTCCAATGACTAGGGAGG,CTCACTCCCATTGCCTAGGCAGG,0"
"GTCACCTCCAATGACTAGGGCGG,GTGACCTCCATTCACATGGGCTG,0"
"GTCACCTCCAATGACTAGGGAGG,GTCACCTCTGCAGACTTGGGAGG,0"
"GTCACCTCCAATGACTAGGGAGG,GTCACCTCTGAGGTCCAGGGAGA,0"
"GTCACCTCCAATGACTAGGGAGG,GTGGCCTCCTTTTACTATGGAGG,0"
"GTCACCTCCAATGACTAGGGTGG,GTCACCACCAATTCACAGAGTGG,0"
"GTCACCTCCAATGACTAGGGTGG,GTCACCCCGAGGGTCTAGGCTGG,0"
"GTCACCTCCAATGACTAGGGTGG,GTCACCTATCATCACCAGGGTGC,0"
"GTCACCTCCAATGACTAGGGAGG,TTCCCCTCCACTGACTCAGGATG,0"
"GTCACCTCCAATGACTAGGGAGG,GTTTCCTTCAATCACTGGGTAGG,0"
"GTCACCTCCAATGACTAGGGCGG,GTCCCCTCTCATTACTGGAGCGG,0"
"GTCACCTCCAATGACTAGGGGGG,TCCACATCCAGTGAGTAGGGGGG,0"
"GTCACCTCCAATGACTAGGGGGG,GTCATCTCCTAAGAATAGCAGGG,0"
"GTCACCTCCAATGACTAGGGAGG,CACACCTCTAATGCCCAGGGAGC,0"
"GTCACCTCCAATGACTAGGGCGG,GTACCCTCCAATGCCAAGAGCTG,0"
"GTCACCTCCAATGACTAGGGAGG,GTCTCCACCAAGGACTATTGAGG,0"
"GTCACCTCCAATGACTAGGGAGG,GTTTCCTCCCTGGACTGGGGAGG,0"
"GTCACCTCCAATGACTAGGGCGG,CTCTCCTCCCACCACTCGGGCGG,0"
"GTCACCTCCAATGACTAGGGTGG,CCCACCTTATGTGACTAGGGTGG,0"
"GTCACCTCCAATGACTAGGGAGG,GAGAGATCCAATGTCCAGGGAGG,0"
"GTCACCTCCAATGACTAGGGAGG,GTCACTTCCCCTGCATGGGGAGG,0"
"GTCACCTCCAATGACTAGGGAGG,GTCCACTGCTCTGACTAGGAAGG,0"
"GGGTGGGGGGAGTTTGCTCCTGG,GGATGGAGGGAGTTTGCTCCTGG,1"
"GGTGAGTGAGTGTGTGCGTGGGG,AGTGAGTGAGTGTGTGTGTGGGG,1"
"GAGTCCGAGCAGAAGAAGAAAGG,GAGTTAGAGCAGAAGAAGAAAGG,1"
"GGTGAGTGAGTGTGTGCGTGAGG,AGAGAGTGAGTGTGTGCATGAGG,1"
"GGCACTGCGGCTGGAGGTGGTGG,TGCACTGCGGCCGGAGGAGGTGG,1"
"GGTGAGTGAGTGTGTGCGTGAGG,TGTGGGTGAGTGTGTGCGTGAGG,1"
"GGAATCCCTTCTGCAGCACCAGG,GGAACCCCGTCTGCAGCACCAGG,1"
"GGCACTGCGGCTGGAGGTGGTGG,GGCTCTGCGGCTGGAGGGGGTGG,1"
"GGTGAGTGAGTGTGTGCGTGTGG,GCTGAGTGAGTGTATGCGTGTGG,1"
"GGGTGGGGGGAGTTTGCTCCTGG,TAGTGGAGGGAGCTTGCTCCTGG,1"
"GACCCCCTCCACCCCGCCTCCGG,CTACCCCTCCACCCCGCCTCCGG,1"
"GACCCCCTCCACCCCGCCTCAGG,ATTCCCCCCCACCCCGCCTCAGG,1"
"GAGTCCGAGCAGAAGAAGAAGGG,GAGTCTAAGCAGAAGAAGAAGAG,1"
"GGTGAGTGAGTGTGTGCGTGAGG,GTTGAGTGAATGTGTGCGTGAGG,1"
"GGCACTGCGGCTGGAGGTGGGGG,GGCACGACGGCTGGAGGTGGGGG,1"
"GGTGAGTGAGTGTGTGCGTGTGG,AGTGAATGAGTGTGTGTGTGTGG,1"
"GACCCCCTCCACCCCGCCTCAGG,ACACCCCCCCACCCCGCCTCAGG,1"
"GGTGAGTGAGTGTGTGCGTGTGG,TGTGAGTAAGTGTGTGTGTGTGG,1"
"GACCCCCTCCACCCCGCCTCTGG,TGCCCCCCCCACCCCACCTCTGG,1"
"GGCACTGCGGCTGGAGGTGGAGG,GGCATCACGGCTGGAGGTGGAGG,1"
"GGCACTGCGGCTGGAGGTGGAGG,GGCGCTGCGGCGGGAGGTGGAGG,1"
"GGCACTGCGGCTGGAGGTGGGGG,GGCACTGAGACTGGGGGTGGGGG,1"
"GGCACTGCGGCTGGAGGTGGTGG,AGCAGTGCGGCTAGAGGTGGTGG,1"
"GACCCCCTCCACCCCGCCTCCGG,GCTTCCCTCCACCCCGCATCCGG,1"
"GGGTGGGGGGAGTTTGCTCCTGG,GGGGAGGGGAAGTTTGCTCCTGG,1"
"GACCCCCTCCACCCCGCCTCTGG,TACCCCCCACACCCCGCCTCTGG,1"
"GGTGAGTGAGTGTGTGCGTGAGG,ACTGTGTGAGTGTGTGCGTGAGG,1"
"GACCCCCTCCACCCCGCCTCTGG,TGCCCCTCCCACCCCGCCTCTGG,1"
"GGTGAGTGAGTGTGTGCGTGGGG,AGCGAGTGGGTGTGTGCGTGGGG,1"
"GGCACTGCGGCTGGAGGTGGTGG,GGCACTGCTGCTGGGGGTGGTGG,1"
"GGGAAAGACCCAGCATCCGTTGG,GGGAAAGTCCCAGCATCCTTTGG,1"
"GACCCCCTCCACCCCGCCTCCGG,GACCCCTCCCACCCCGACTCCGG,1"
"GACCCCCTCCACCCCGCCTCAGG,GTACCCCACCACCCCGCCCCAGG,1"
"GGCACTGCGGCTGGAGGTGGGGG,GGCACTGGGGCTGGGGGAGGGGG,1"
"GACCCCCTCCACCCCGCCTCAGG,CCCCACCCCCACCCCGCCTCAGG,1"
"GACCCCCTCCACCCCGCCTCCGG,CCCCCCCCCCCCCCCGCCTCCGG,1"
"GAGTCCGAGCAGAAGAAGAACGG,GAGGCCGAGCAGAAGAAAGACGG,1"
"GGTGAGTGAGTGTGTGCGTGTGG,AGTGTGTGAGTGTGTGCGTGTGG,1"
"GGCACTGCGGCTGGAGGTGGGGG,GGCACTGGGGTTGGAGGTGGGGG,1"
"GGCACTGCGGCTGGAGGTGGTGG,AGGACTGCGGCTGGGGGTGGTGG,1"
"GGCACTGCGGCTGGAGGTGGGGG,GGCACTGAGGGTGGAGGTGGGGG,1"
"GGCACTGCGGCTGGAGGTGGTGG,GACACCACGGCTGGAGATGGTGG,1"
"GACCCCCTCCACCCCGCCTCCGG,CACCCCCCCCCCCCCACCTCCGG,1"
"GACCCCCTCCACCCCGCCTCCGG,CCTCCCCCACACCCCGCATCCGG,1"
"GACCCCCTCCACCCCGCCTCCGG,CCCCCTCCCCGCCCCGCCCCCGG,1"
"GGGTGGGGGGAGTTTGCTCCTGG,GGGAGGGTGGAGTTTGCTCCTGG,1"
"GGCACTGCGGCTGGAGGTGGAGG,GGCACTGTGGCTGCAGGTGGAGG,1"
"GGCACTGCGGCTGGAGGTGGGGG,AGCACTGTGGCTGGGGGAGGGGG,1"
"GGAATCCCTTCTGCAGCACCAGG,GGAGTCCCTCCTACAGCACCAGG,1"
"GACCCCCTCCACCCCGCCTCTGG,GGGCCCCTCCACCCCGCCTCTGG,1"
"GACCCCCTCCACCCCGCCTCCGG,CGCCCTCCCCACCCCGCCTCCGG,1"
"GGCACTGCGGCTGGAGGTGGGGG,GGCAATGTGGCTGAAGGTGGGGG,1"
"GACCCCCTCCACCCCGCCTCAGG,GACACACCCCACCCCACCTCAGG,1"
"GACCCCCTCCACCCCGCCTCCGG,GACCCCCCCCACCCCGCCCCCGG,1"
"GAGTCCGAGCAGAAGAAGAAGGG,GAGTCCTAGCAGGAGAAGAAGAG,1"
"GGGTGGGGGGAGTTTGCTCCTGG,CGGGGGAGGGAGTTTGCTCCTGG,1"
"GGCACTGCGGCTGGAGGTGGTGG,GGCACAGCAGCTGGAGGTGCTGG,1"
"GACCCCCTCCACCCCGCCTCTGG,GACACCTTCCACCCCGTCTCTGG,1"
"GGCACTGCGGCTGGAGGTGGGGG,GCCACTGGGGCTGGGGGTGGGGG,1"
"GACCCCCTCCACCCCGCCTCTGG,GCCCCCACCCACCCCGCCTCTGG,1"
"GGCACTGCGGCTGGAGGTGGGGG,TGCACTGTGGCTGGAGATGGGGG,1"
"GACCCCCTCCACCCCGCCTCGGG,CATCCCCCCCACCCCACCCCGGG,1"
"GACCCCCTCCACCCCGCCTCTGG,CTGCCCCCCCACCCCGCCACTGG,1"
"GGCCCAGACTGAGCACGTGATGG,CACCCAGACTGAGCACGTGCTGG,1"
"GGGTGGGGGGAGTTTGCTCCAGG,CTGGTGGGGGAGCTTGCTCCAGG,1"
"GGCACTGCGGCTGGAGGTGGTGG,GGCTCTGTGGCTGGAGGAGGTGG,1"
"GACCCCCTCCACCCCGCCTCAGG,CCCCCCCCCCCCCCCGCCTCAGG,1"
"GGCACTGCGGCTGGAGGTGGAGG,GCCACTGCAGCTAGAGGTGGAGG,1"
"GACCCCCTCCACCCCGCCTCGGG,GCCCCCCACCACCCCACCTCGGG,1"
"GACCCCCTCCACCCCGCCTCGGG,CCCCCCCCCCCCCCCGCCCCGGG,1"
"GGGAAAGACCCAGCATCCGTTGG,GGGAAAAGCCCAGCATCCCTTGG,1"
"GACCCCCTCCACCCCGCCTCCGG,TGCCCCCCCCACCCCGCCCCCGG,1"
"GAGTCCGAGCAGAAGAAGAATGG,AAGTCTGAGCACAAGAAGAATGG,1"
"GACCCCCTCCACCCCGCCTCAGG,CTTCCCCCACACCCCGCCCCAGG,1"
"GACCCCCTCCACCCCGCCTCAGG,AGGCCCCCCCGCCCCGCCTCAGG,1"
"GGCACTGCGGCTGGAGGTGGGGG,GGCACTGCGGGTGGAGGCGGGGG,1"
"GGGTGGGGGGAGTTTGCTCCAGG,GGGTGGGGGGAGTTTGCCCCAGG,1"
"GGGTGGGGGGAGTTTGCTCCCGG,GCGTGGGGGGTGTTTGCTCCCGG,1"
"GACCCCCTCCACCCCGCCTCAGG,TACCCCCCCCACCCCGCCACAGG,1"
"GGCACTGCGGCTGGAGGTGGGGG,AGCACTGTGCCTGGGGGTGGGGG,1"
"GGGTGGGGGGAGTTTGCTCCAGG,GTGGGGGTAGAGTTTGCTCCAGG,1"
"GGCACTGCGGCTGGAGGTGGAGG,GGCAATGCGGCTGGAGGCGGAGG,1"
"GACCCCCTCCACCCCGCCTCGGG,CATACCCCCCACCCCGCCCCGGG,1"
"GGCACTGCGGCTGGAGGTGGAGG,GAGGCTGCGGCTGGGGGTGGAGG,1"
"GAGTCCGAGCAGAAGAAGAAAGG,GAGTCCGGGAAGGAGAAGAAAGG,1"
"GGTGAGTGAGTGTGTGCGTGGGG,CGCGAGTGAGTGTGTGCGCGGGG,1"
"GGCACTGCGGCTGGAGGTGGGGG,GGCTCCGCAGCTGGAGGTGGGGG,1"
"GGTGAGTGAGTGTGTGCGTGAGG,GGTGAGTGAGTGTGTGTGTGAGG,1"
"GGCACTGCGGCTGGAGGTGGCGG,AGCACTGTGGCTGGGGGAGGCGG,1"
"GGCACTGCGGCTGGAGGTGGGGG,GTCACTGCAGCTGGAGGAGGGGG,1"
"GGTGAGTGAGTGTGTGCGTGTGG,CTGGAGTGAGTGTGTGTGTGTGG,1"
"GGCACTGCGGCTGGAGGTGGTGG,GGCTCTGAGGCCAGAGGTGGTGG,1"
"GACCCCCTCCACCCCGCCTCGGG,GAGCTCCCCCACCCCGCCCCGGG,1"
"GGCACTGCGGCTGGAGGTGGGGG,AGCACGGCAGCTGGAGGAGGGGG,1"
"GGCACTGCGGCTGGAGGTGGAGG,AGCACTGCAGCTGGGAGTGGAGG,1"
"GACCCCCTCCACCCCGCCTCTGG,GACCCCTCACACCCCGCCCCTGG,1"
"GGCACTGCGGCTGGAGGTGGAGG,GGCACTGCTGCTAGAGGTGCAGG,1"
"GACCCCCTCCACCCCGCCTCGGG,CCCCCCCACCACCCCGCCCCGGG,1"
"GGAATCCCTTCTGCAGCACCAGG,AGAGGCCCCTCTGCAGCACCAGG,1"
"GGTGAGTGAGTGTGTGCGTGGGG,AGCGAGTGAGTGTGTGTGTGGGG,1"
